id,name,name_hindi,category,energy_kcal,protein_g,fat_g,carbs_g,fiber_g,calcium_mg,iron_mg,vitamin_c_mg,source
1,"Amaranth seed, black",Ramdana,Cereals and Millets,356,14.6,5.7,60.0,7.0,181,9.3,0,IFCT2017
2,"Amaranth seed, pale brown",Ramdana,Cereals and Millets,356,13.3,5.6,61.5,7.5,162,8.0,0,IFCT2017
3,Bajra,Bajra,Cereals and Millets,348,11.0,5.4,61.8,11.5,27,6.4,0,IFCT2017
4,Barley,Jau,Cereals and Millets,316,10.9,1.3,61.3,15.6,29,1.6,0,IFCT2017
5,Jowar,Jowar,Cereals and Millets,334,10.0,1.7,67.7,10.2,28,4.0,0,IFCT2017
6,"Maize, dry",Makka,Cereals and Millets,334,8.8,3.8,64.8,12.2,9,2.5,0,IFCT2017
7,"Maize, tender, local",Makka,Cereals and Millets,120,3.6,1.4,22.7,3.7,6,0.7,4.3,IFCT2017
8,"Maize, tender, sweet",Makka,Cereals and Millets,97,4.2,1.4,16.4,3.3,6,0.5,5.7,IFCT2017
9,Quinoa,,Cereals and Millets,328,13.1,5.5,53.6,14.7,198,7.5,0,IFCT2017
10,Ragi,Ragi,Cereals and Millets,321,7.2,1.9,66.8,11.2,364,4.6,0,IFCT2017
11,Rice flakes,Poha,Cereals and Millets,354,7.4,1.1,76.8,3.5,9,4.5,0,IFCT2017
12,Rice puffed,Muramure,Cereals and Millets,362,7.5,1.6,77.7,2.6,15,4.5,0,IFCT2017
13,"Rice, raw, brown",Chawal,Cereals and Millets,354,9.2,1.2,74.8,4.4,11,1.0,0,IFCT2017
14,"Rice, parboiled, milled",Usna chawal,Cereals and Millets,352,7.8,0.6,77.2,3.7,8,0.7,0,IFCT2017
15,"Rice, raw, milled",Chawal,Cereals and Millets,356,7.9,0.5,78.2,2.8,7,0.7,0,IFCT2017
16,Samai,Shavan,Cereals and Millets,346,10.1,3.9,65.5,7.7,16,1.3,0,IFCT2017
17,Varagu,,Cereals and Millets,332,8.9,2.5,66.2,6.4,15,2.3,0,IFCT2017
18,"Wheat flour, refined",Maida,Cereals and Millets,352,10.4,0.8,74.3,2.8,20,1.8,0,IFCT2017
19,"Wheat flour, atta",Atta,Cereals and Millets,320,10.6,1.5,64.2,11.4,31,4.1,0,IFCT2017
20,"Wheat, whole",Gehun,Cereals and Millets,322,10.6,1.5,64.7,11.2,39,4.0,0,IFCT2017
21,"Wheat, bulgur",Dalia,Cereals and Millets,342,10.8,1.4,69.1,8.8,27,3.9,0,IFCT2017
22,"Wheat, semolina",Gehun suji,Cereals and Millets,334,11.4,0.7,68.4,9.7,29,3.0,0,IFCT2017
23,"Wheat, vermicelli",Siwain,Cereals and Millets,333,9.7,0.5,70.4,9.3,19,2.0,0,IFCT2017
24,"Wheat, vermicelli, roasted",Siwain,Cereals and Millets,340,10.4,0.5,71.4,9.6,23,2.1,0,IFCT2017
25,"Bengal gram, dal",Chan-ki-dal,Grain Legumes,329,21.6,5.3,46.7,15.2,46,6.1,0,IFCT2017
26,"Bengal gram, whole","Chana, Kala chana",Grain Legumes,287,18.8,5.1,39.6,25.2,150,6.8,0,IFCT2017
27,"Black gram, dal",Urad dal,Grain Legumes,324,23.1,1.7,51.0,11.9,56,4.7,0,IFCT2017
28,"Black gram, whole",Chhilke wali urad dal,Grain Legumes,291,22.0,1.6,44.0,20.4,86,6.0,0,IFCT2017
29,"Cowpea, brown",Lobia,Grain Legumes,320,20.4,1.1,54.6,11.5,82,5.9,0,IFCT2017
30,"Cowpea, white",Lobia,Grain Legumes,320,21.2,1.1,53.8,11.7,84,5.0,0,IFCT2017
31,"Field bean, black",Sem,Grain Legumes,276,19.9,0.9,43.5,23.4,78,4.5,0,IFCT2017
32,"Field bean, brown",Sem,Grain Legumes,283,19.9,1.0,45.2,22.4,75,5.0,0,IFCT2017
33,"Field bean, white",Sem,Grain Legumes,280,19.8,0.9,44.5,23.0,77,5.5,0,IFCT2017
34,"Green gram, dal",Mug dal,Grain Legumes,326,23.9,1.4,52.6,9.4,43,3.9,0,IFCT2017
35,"Green gram, whole",Mung,Grain Legumes,294,22.5,1.1,46.1,17.0,92,4.9,0,IFCT2017
36,"Horse gram, whole",Kulthi,Grain Legumes,330,21.7,0.6,57.2,7.9,269,8.8,0,IFCT2017
37,Lentil dal,Masoor dal,Grain Legumes,322,24.4,0.8,52.5,10.4,44,7.1,0,IFCT2017
38,"Lentil whole, brown",Masur dal,Grain Legumes,299,22.5,0.6,48.5,16.8,76,7.6,0,IFCT2017
39,"Lentil whole, yellowish",Masur dal,Grain Legumes,298,22.9,0.6,47.9,16.7,77,7.9,0,IFCT2017
40,Moth bean,Motha,Grain Legumes,309,19.8,1.8,52.1,15.1,154,7.9,0,IFCT2017
41,"Peas, dry",Sukhi Matar,Grain Legumes,303,20.4,1.9,48.9,17.0,75,5.1,0,IFCT2017
42,"Rajmah, black",Rajmah,Grain Legumes,298,19.0,1.6,49.6,17.7,134,6.2,0,IFCT2017
43,"Rajmah, brown",Rajmah,Grain Legumes,298,19.5,1.7,48.8,16.9,134,6.3,0,IFCT2017
44,"Rajmah, red",Rajmah,Grain Legumes,299,19.9,1.8,48.6,16.6,126,6.1,0,IFCT2017
45,"Red gram, dal",Arhar dal,Grain Legumes,331,21.7,1.6,55.2,9.1,72,3.9,0,IFCT2017
46,"Red gram, whole",Arhar sabud,Grain Legumes,274,20.5,1.4,42.5,22.8,139,5.4,0,IFCT2017
47,Ricebean,Meth,Grain Legumes,302,20.0,0.7,51.3,13.4,200,4.8,1.1,IFCT2017
48,"Soya bean, brown",Bhatmas,Grain Legumes,381,35.6,19.8,12.8,21.6,239,8.3,0,IFCT2017
49,"Soya bean, white",Bhatmas,Grain Legumes,377,37.8,19.4,10.2,22.6,195,8.2,0,IFCT2017
50,Agathi leaves,Agasthi,Green Leafy Vegetables,71,8.0,1.4,5.2,8.6,901,4.4,121.0,IFCT2017
51,"Amaranth leaves, green",Chaulai,Green Leafy Vegetables,31,3.3,0.7,2.3,4.4,330,4.6,83.5,IFCT2017
52,"Amaranth leaves, red mix",Chaulai,Green Leafy Vegetables,33,3.9,0.6,2.4,4.9,245,7.2,86.2,IFCT2017
53,"Amaranth leaves, red and green mix",Chaulai,Green Leafy Vegetables,32,3.1,0.5,2.9,4.6,269,5.3,77.2,IFCT2017
54,"Amaranth spinosus, leaves, green mix",Kantewali-notya,Green Leafy Vegetables,26,3.5,0.4,1.6,5.1,359,6.4,82.6,IFCT2017
55,"Amaranth spinosus, leaves, red and green mix",Kantewali-notya,Green Leafy Vegetables,24,2.8,0.3,1.4,5.6,372,4.6,77.3,IFCT2017
56,Basella leaves,Palak,Green Leafy Vegetables,20,1.6,0.5,2.0,2.2,94,4.2,63.4,IFCT2017
57,Bathua leaves,Bathua sagu,Green Leafy Vegetables,28,2.5,0.4,2.6,4.0,211,2.7,41.0,IFCT2017
58,Beet greens,Chukandhar sag,Green Leafy Vegetables,35,2.4,0.8,3.9,3.6,151,5.8,35.8,IFCT2017
59,"Betel leaves, big (kolkata)",Pan ka patha,Green Leafy Vegetables,48,2.5,0.8,7.4,2.1,207,3.0,18.4,IFCT2017
60,"Betel leaves, small",Pan ka patha,Green Leafy Vegetables,44,2.6,0.8,6.2,2.0,196,2.9,24.5,IFCT2017
61,Brussels sprouts,Choote gobi,Green Leafy Vegetables,44,4.3,0.5,5.1,4.3,54,1.5,89.5,IFCT2017
62,"Cabbage, Chinese",,Green Leafy Vegetables,18,1.6,0.1,2.4,2.0,58,0.4,19.3,IFCT2017
63,"Cabbage, collard greens",,Green Leafy Vegetables,30,3.6,0.3,2.8,3.0,170,2.7,40.8,IFCT2017
64,"Cabbage, green",Bandh gobi,Green Leafy Vegetables,22,1.4,0.1,3.2,2.8,52,0.3,33.2,IFCT2017
65,"Cabbage, violet",Bandh gobi,Green Leafy Vegetables,23,1.4,0.2,3.5,2.2,48,0.2,43.5,IFCT2017
66,Cauliflower leaves,Phul gobi patta,Green Leafy Vegetables,35,3.9,0.4,3.4,3.4,97,2.4,52.8,IFCT2017
67,"Colocasia leaves, green",Arvi ka sag,Green Leafy Vegetables,43,3.4,1.4,3.7,5.6,216,3.4,40.7,IFCT2017
68,Drumstick leaves,Saijan patta,Green Leafy Vegetables,67,6.4,1.6,5.6,8.2,314,4.6,108.0,IFCT2017
69,Fenugreek leaves,Methi sag,Green Leafy Vegetables,34,3.7,0.8,2.2,4.9,274,5.7,58.2,IFCT2017
70,Garden cress,Halim ka patta,Green Leafy Vegetables,50,5.6,0.8,4.5,2.6,217,6.2,42.8,IFCT2017
71,"Gogu leaves, green",Pitwa,Green Leafy Vegetables,36,1.9,1.1,4.1,4.6,145,7.6,29.6,IFCT2017
72,"Gogu leaves, red",Pitwa,Green Leafy Vegetables,37,1.9,1.1,4.2,3.9,129,9.6,35.4,IFCT2017
73,"Knol-Khol, leaves",Ganth gobi ka sag,Green Leafy Vegetables,43,3.1,0.3,6.2,2.8,368,2.5,71.1,IFCT2017
74,Lettuce,Salad ka patta,Green Leafy Vegetables,22,1.5,0.3,3.0,1.8,57,2.7,11.9,IFCT2017
75,Mustard leaves,Sarson ka sag,Green Leafy Vegetables,30,3.5,0.5,2.4,3.9,191,2.8,60.3,IFCT2017
76,Pak Choi leaves,,Green Leafy Vegetables,16,1.4,0.2,1.8,1.9,150,3.8,55.6,IFCT2017
77,Parsley,,Green Leafy Vegetables,73,5.5,1.1,9.4,3.9,288,5.5,133.0,IFCT2017
78,Ponnaganni,Saranthi sag,Green Leafy Vegetables,51,5.3,0.7,5.2,6.7,388,3.9,103.0,IFCT2017
79,"Pumpkin leaves, tender",Kumhra sag,Green Leafy Vegetables,44,4.2,0.7,4.8,2.2,271,5.6,12.3,IFCT2017
80,Radish leaves,Muli ka sag,Green Leafy Vegetables,26,2.2,0.5,2.8,1.8,234,3.8,65.8,IFCT2017
81,Rumex leaves,,Green Leafy Vegetables,20,1.6,0.3,2.3,1.3,131,3.7,53.8,IFCT2017
82,Spinach,Palak,Green Leafy Vegetables,24,2.1,0.6,2.0,2.4,82,2.9,30.3,IFCT2017
83,"Tamarind leaves, tender",", P. Imli patte",Green Leafy Vegetables,71,5.8,0.5,10.0,10.7,67,2.8,28.2,IFCT2017
84,Ash gourd,Petha,Other Vegetables,17,0.8,0.1,2.8,3.4,19,0.5,11.4,IFCT2017
85,"Bamboo shoot, tender",Baans,Other Vegetables,16,1.3,0.3,1.7,1.6,10,0.3,15.7,IFCT2017
86,"Bean scarlet, tender",Sem,Other Vegetables,43,2.9,1.0,5.2,4.5,43,0.7,6.6,IFCT2017
87,"Bitter gourd, jagged, teeth ridges, elongate",Karela,Other Vegetables,21,1.4,0.2,2.8,3.8,21,1.1,46.5,IFCT2017
88,"Bitter gourd, jagged, teeth ridges, short",Karela,Other Vegetables,19,1.3,0.2,2.5,3.5,16,1.1,50.9,IFCT2017
89,"Bitter gourd, jagged, smooth ridges, elongate",Karela,Other Vegetables,19,1.6,0.3,2.3,3.7,18,1.3,54.3,IFCT2017
90,"Bottle gourd, elongate, pale green",Lowki,Other Vegetables,11,0.5,0.1,1.7,2.1,15,0.3,4.3,IFCT2017
91,"Bottle gourd, round, pale green",Lowki,Other Vegetables,14,0.4,0.1,2.5,2.1,15,0.3,4.5,IFCT2017
92,"Bottle gourd, elongate, dark green",Lowki,Other Vegetables,13,0.5,0.1,2.2,2.1,17,0.3,3.8,IFCT2017
93,Brinjal-1,Baingan,Other Vegetables,27,1.8,0.4,3.5,3.6,22,0.5,1.6,IFCT2017
94,Brinjal-2,Baingan,Other Vegetables,24,1.8,0.3,2.7,4.0,17,0.4,1.0,IFCT2017
95,Brinjal-3,Baingan,Other Vegetables,24,1.4,0.3,3.4,4.3,15,0.3,2.3,IFCT2017
96,Brinjal-4,Baingan,Other Vegetables,24,1.5,0.3,3.2,4.0,13,0.4,2.2,IFCT2017
97,Brinjal-5,Baingan,Other Vegetables,27,1.4,0.3,4.0,4.1,17,0.4,3.1,IFCT2017
98,Brinjal-6,Baingan,Other Vegetables,23,1.5,0.3,3.3,3.7,17,0.4,1.5,IFCT2017
99,Brinjal-7,Baingan,Other Vegetables,23,1.4,0.4,3.1,3.3,20,0.3,1.1,IFCT2017
100,Brinjal-8,Baingan,Other Vegetables,28,1.8,0.3,3.8,4.0,21,0.4,1.9,IFCT2017
101,Brinjal-9,Baingan,Other Vegetables,25,1.5,0.3,3.5,4.0,19,0.4,1.7,IFCT2017
102,Brinjal-10,Baingan,Other Vegetables,28,1.7,0.2,4.1,3.9,16,0.4,2.4,IFCT2017
103,Brinjal-11,Baingan,Other Vegetables,25,1.4,0.3,3.5,4.1,16,0.4,2.2,IFCT2017
104,Brinjal-12,Baingan,Other Vegetables,22,1.6,0.3,2.7,3.9,20,0.4,2.6,IFCT2017
105,Brinjal-13,Baingan,Other Vegetables,30,1.5,0.3,4.5,3.9,19,0.3,1.5,IFCT2017
106,Brinjal-14,Baingan,Other Vegetables,25,1.6,0.3,3.3,3.9,14,0.3,1.8,IFCT2017
107,Brinjal-15,Baingan,Other Vegetables,27,1.6,0.3,4.0,4.0,18,0.4,2.0,IFCT2017
108,Brinjal-16,Baingan,Other Vegetables,25,1.3,0.3,3.5,3.7,18,0.3,1.5,IFCT2017
109,Brinjal-17,Baingan,Other Vegetables,22,1.2,0.4,2.9,3.9,21,0.5,1.9,IFCT2017
110,Brinjal-18,Baingan,Other Vegetables,28,1.5,0.3,4.1,4.4,16,0.4,2.0,IFCT2017
111,Brinjal-19,Baingan,Other Vegetables,24,1.3,0.3,3.4,4.0,16,0.3,2.5,IFCT2017
112,Brinjal-20,Baingan,Other Vegetables,24,1.4,0.3,3.1,3.7,14,0.3,2.2,IFCT2017
113,Brinjal-21,Baingan,Other Vegetables,27,1.4,0.3,3.9,3.9,15,0.3,1.4,IFCT2017
114,Brinjal - all varieties,Baingan,Other Vegetables,25,1.5,0.3,3.5,4.0,17,0.4,2.1,IFCT2017
115,Broad beans,Bakla,Other Vegetables,29,3.9,0.1,2.1,8.6,64,0.9,11.0,IFCT2017
116,"Capsicum, green",Shimla mirch,Other Vegetables,16,1.1,0.3,1.8,2.1,15,0.5,123.0,IFCT2017
117,"Capsicum, red",Shimla mirch,Other Vegetables,20,1.5,0.5,2.1,2.2,16,0.4,112.0,IFCT2017
118,"Capsicum, yellow",Shimla mirch,Other Vegetables,19,1.4,0.4,1.9,2.2,19,0.7,127.0,IFCT2017
119,Cauliflower,Phul gobi,Other Vegetables,23,2.1,0.4,2.0,3.7,25,1.0,47.1,IFCT2017
120,Celery stalk,Ajmud,Other Vegetables,16,1.0,0.2,2.3,2.1,39,1.4,12.3,IFCT2017
121,Cho-cho-marrow,Cho-cho-marrow,Other Vegetables,19,0.7,0.1,3.5,1.6,19,0.5,20.2,IFCT2017
122,Cluster beans,Gaur-ki-phalli,Other Vegetables,40,3.5,0.4,4.9,4.8,121,3.9,18.0,IFCT2017
123,"Colocasia, stem, black",Arwi-ki-dandi,Other Vegetables,24,0.8,0.3,3.8,3.0,29,0.8,5.2,IFCT2017
124,"Colocasia, stem, green",Arwi-ki-dandi,Other Vegetables,19,0.9,0.2,2.9,2.3,40,0.6,5.8,IFCT2017
125,"Corn, Baby",,Other Vegetables,73,2.7,1.3,11.7,6.1,77,1.4,8.6,IFCT2017
126,"Cucumber, green, elongate","Kheera, Kachumbar",Other Vegetables,20,0.7,0.2,3.5,2.1,16,0.5,6.1,IFCT2017
127,"Cucumber, green, short","Kheera, Kachumbar",Other Vegetables,17,0.8,0.2,2.8,2.1,19,0.6,6.2,IFCT2017
128,"Cucumber, orange, round",Kakadi,Other Vegetables,20,1.0,0.2,3.0,2.5,22,0.5,6.2,IFCT2017
129,Drumstick,Saijan-ki-phalli,Other Vegetables,29,2.6,0.1,3.8,6.8,33,0.7,71.9,IFCT2017
130,"Field beans, tender, broad",Sem,Other Vegetables,31,3.1,0.6,2.8,5.6,71,1.9,6.0,IFCT2017
131,"Field beans, tender, lean",Sem,Other Vegetables,33,3.7,0.6,2.9,6.2,59,1.5,3.8,IFCT2017
132,"French beans, country",Bakla,Other Vegetables,24,2.5,0.3,2.7,4.4,56,1.2,15.8,IFCT2017
133,"French beans, hybrid",Bakla,Other Vegetables,22,2.1,0.2,2.6,4.2,50,1.0,1.4,IFCT2017
134,"Jack fruit, raw",Kathal,Other Vegetables,26,2.0,0.3,3.5,7.7,46,0.3,17.5,IFCT2017
135,"Jack fruit, seed, mature",Kathal,Other Vegetables,77,5.8,0.4,11.8,8.6,38,0.4,9.7,IFCT2017
136,Knol - Khol,Kohl-rabi,Other Vegetables,16,1.6,0.3,1.4,2.8,35,0.2,64.7,IFCT2017
137,"Kovai, big","Konduri, Kowai",Other Vegetables,17,1.4,0.2,2.0,3.0,34,0.4,17.6,IFCT2017
138,"Kovai, small","Konduri, Kowai",Other Vegetables,19,1.2,0.2,2.4,3.2,37,0.3,21.1,IFCT2017
139,Ladies finger,Bhindi,Other Vegetables,27,2.1,0.2,3.6,4.1,86,0.8,22.5,IFCT2017
140,"Mango, green, raw",Katcha Aam,Other Vegetables,49,0.7,0.1,10.6,3.0,27,0.4,90.2,IFCT2017
141,"Onion, stalk",Pyaz,Other Vegetables,26,2.1,0.3,3.0,5.2,31,3.1,27.2,IFCT2017
142,"Papaya, raw",Katcha pepita,Other Vegetables,24,0.5,0.2,4.4,2.3,23,0.2,20.7,IFCT2017
143,Parwar,Parwal,Other Vegetables,24,1.4,0.3,3.5,2.6,31,0.5,19.2,IFCT2017
144,"Peas, fresh",Matar,Other Vegetables,81,7.2,0.1,11.9,6.3,28,1.6,38.4,IFCT2017
145,"Plantain, flower",Kele-ka phool,Other Vegetables,21,1.5,0.6,2.1,5.2,34,0.4,6.5,IFCT2017
146,"Plantain, green",Kele (hara),Other Vegetables,80,1.2,0.2,17.6,3.6,14,0.3,23.3,IFCT2017
147,"Plantain, stem",Kele-ka-tana,Other Vegetables,39,0.3,0.2,8.6,2.1,11,0.3,3.8,IFCT2017
148,"Pumpkin, green, cylindrical",Kaddu,Other Vegetables,25,0.9,0.2,4.2,2.5,24,0.3,7.3,IFCT2017
149,"Pumpkin, orange, round",Kaddu,Other Vegetables,23,0.8,0.2,4.0,2.6,23,0.4,8.0,IFCT2017
150,"Red gram, tender, fresh",Arhar ki fali,Other Vegetables,124,8.1,0.9,19.5,5.9,59,1.2,15.1,IFCT2017
151,Ridge gourd,Torai,Other Vegetables,13,0.9,0.1,1.7,1.8,14,0.4,5.4,IFCT2017
152,"Ridge gourd, smooth skin",Torai,Other Vegetables,15,1.0,0.1,2.2,1.9,15,0.5,8.1,IFCT2017
153,"Snake gourd, long, pale green",Chachinda,Other Vegetables,12,1.0,0.2,1.3,2.3,25,0.3,2.7,IFCT2017
154,"Snake gourd, long, dark green",Chachinda,Other Vegetables,12,0.9,0.2,1.2,2.3,27,0.5,2.9,IFCT2017
155,"Snake gourd, short",Chachinda,Other Vegetables,15,0.5,0.3,2.1,2.3,18,0.2,2.3,IFCT2017
156,"Tinda, tender",Tinda,Other Vegetables,14,1.0,0.2,1.9,2.0,20,0.4,14.2,IFCT2017
157,"Tomato, green",Tamator,Other Vegetables,21,1.1,0.3,3.2,1.6,8,0.4,16.4,IFCT2017
158,"Tomato, ripe, hybrid",Tamator,Other Vegetables,19,0.8,0.2,3.2,1.6,9,0.2,25.3,IFCT2017
159,"Tomato, ripe, local",Tamator,Other Vegetables,20,0.9,0.5,2.7,1.8,10,0.3,27.5,IFCT2017
160,"Zucchini, green",Sabed kaddu,Other Vegetables,20,1.1,0.5,2.3,2.3,17,0.5,15.8,IFCT2017
161,"Zucchini, yellow",Sabed kaddu,Other Vegetables,19,1.3,0.4,2.2,1.8,21,0.3,16.7,IFCT2017
162,"Apple, big",Sev,Fruits,62,0.3,0.6,13.1,2.6,14,0.3,3.6,IFCT2017
163,"Apple, green",Sev,Fruits,51,0.5,0.5,10.7,2.5,7,0.2,2.9,IFCT2017
164,"Apple, small",Sev,Fruits,64,0.3,0.5,13.9,2.1,5,0.2,4.0,IFCT2017
165,"Apple, small, Kashmir",Sev,Fruits,64,0.3,0.6,14.0,2.1,5,0.2,4.2,IFCT2017
166,"Apricot, dried",Khoomani,Fruits,316,3.2,0.7,72.6,3.3,29,2.5,0.4,IFCT2017
167,"Apricot, processed",Khoomani,Fruits,56,1.5,0.6,10.9,0.6,5,1.1,8.0,IFCT2017
168,Avocado fruit,Makhanphal,Fruits,144,3.0,13.9,1.8,6.7,28,0.8,9.4,IFCT2017
169,Bael fruit,Bel,Fruits,136,2.6,0.6,28.2,6.3,48,0.2,7.5,IFCT2017
170,"Banana, ripe, montham",Kela,Fruits,111,1.2,0.3,24.9,2.2,7,0.4,8.1,IFCT2017
171,"Banana, ripe, poovam",Kela,Fruits,106,1.5,0.3,23.4,2.3,9,0.3,6.7,IFCT2017
172,"Banana, ripe, red",Kela,Fruits,112,1.3,0.3,25.2,2.0,10,0.2,6.7,IFCT2017
173,"Banana, ripe, robusta",Kela,Fruits,105,1.2,0.3,23.6,1.9,5,0.3,4.8,IFCT2017
174,Black berry,Kala Jamun,Fruits,54,0.9,0.6,10.6,4.3,24,0.6,19.4,IFCT2017
175,"Cherries, red",Gilas,Fruits,60,1.5,0.5,11.9,2.1,24,0.4,8.8,IFCT2017
176,"Currants, black",Munakka,Fruits,54,1.5,0.5,9.9,4.1,40,1.4,182.0,IFCT2017
177,Custard apple,Sharifa,Fruits,99,1.6,0.7,20.4,5.1,28,0.4,21.5,IFCT2017
178,"Dates, dry, pale brown",Chuhara,Fruits,320,2.5,0.3,74.9,8.9,71,3.2,4.4,IFCT2017
179,"Dates, dry, dark brown",Khajur,Fruits,311,2.4,0.3,72.7,9.1,66,4.8,3.8,IFCT2017
180,"Dates, processed",Khajur,Fruits,286,1.2,0.4,68.0,6.5,16,0.9,15.5,IFCT2017
181,Fig,Anjeer,Fruits,82,2.0,0.4,16.3,4.6,79,0.7,16.9,IFCT2017
182,Goosberry,Amla,Fruits,24,0.3,0.2,4.4,7.8,20,1.2,252.0,IFCT2017
183,"Grapes, seeded, round, black",Angoor,Fruits,61,0.8,0.3,13.2,1.4,11,0.2,18.3,IFCT2017
184,"Grapes, seeded, round, green",Angoor,Fruits,56,0.8,0.3,12.2,1.2,11,0.2,17.1,IFCT2017
185,"Grapes, seeded, round, red",Angoor,Fruits,58,0.9,0.3,12.6,1.3,11,0.3,20.6,IFCT2017
186,"Grapes, seedless, oval, black",Angoor,Fruits,94,1.4,0.5,20.5,1.6,15,0.3,27.3,IFCT2017
187,"Grapes, seedless, round, green",Angoor,Fruits,54,0.6,0.3,11.8,1.3,14,0.2,16.5,IFCT2017
188,"Grapes, seedless, round, black",Angoor,Fruits,89,1.2,0.3,19.9,1.1,19,0.4,22.8,IFCT2017
189,"Guava, white flesh",Amrud,Fruits,32,1.4,0.3,5.1,8.6,19,0.3,214.0,IFCT2017
190,"Guava, pink flesh",Amrud,Fruits,47,1.2,0.2,9.1,7.4,14,0.4,222.0,IFCT2017
191,"Jack fruit, ripe",Kathal,Fruits,72,2.7,0.1,14.0,3.6,35,0.4,6.7,IFCT2017
192,"Jambu fruit, ripe",Jamun,Fruits,56,0.8,0.2,12.3,3.1,25,0.3,16.5,IFCT2017
193,Karonda fruit,"Balalak, dindimi",Fruits,34,1.1,1.7,2.9,7.2,11,0.9,135.0,IFCT2017
194,"Lemon, juice",Nimbhu,Fruits,37,0.4,0.8,0,0,23,0.1,48.2,IFCT2017
195,"Lime, sweet, pulp",Mosambi,Fruits,27,0.8,0.2,5.2,2.1,26,0.1,47.0,IFCT2017
196,Litchi,Lichi,Fruits,54,1.0,0.3,11.4,1.3,6,0.8,33.8,IFCT2017
197,"Mango, ripe, banganapalli",Aam (paka),Fruits,42,0.5,0.6,8.2,1.9,16,0.5,33.0,IFCT2017
198,"Mango, ripe, gulabkhas",Aam (paka),Fruits,50,0.5,0.5,10.3,1.7,19,0.4,27.7,IFCT2017
199,"Mango, ripe, himsagar",Aam (paka),Fruits,45,0.5,0.5,9.0,1.6,16,0.3,49.1,IFCT2017
200,"Mango, ripe, kesar",Aam (paka),Fruits,55,0.5,0.6,11.4,2.0,16,0.4,29.1,IFCT2017
201,"Mango, ripe, neelam",Aam (paka),Fruits,43,0.7,0.6,8.2,1.8,11,0.4,29.9,IFCT2017
202,"Mango, ripe, paheri",Aam (paka),Fruits,45,0.7,0.6,8.7,2.0,15,0.5,30.8,IFCT2017
203,"Mango, ripe, totapari",Aam (paka),Fruits,59,0.4,0.5,12.8,1.7,13,0.3,25.3,IFCT2017
204,Mangosteen,Mangustan,Fruits,52,0.6,0.2,11.4,1.9,5,0.3,26.3,IFCT2017
205,Manila tamarind,Ganga imli/ Jangal jalebi,Fruits,82,3.6,1.1,13.5,4.4,9,0.7,55.8,IFCT2017
206,"Musk melon, orange flesh",Kharbooja,Fruits,23,0.4,0.3,4.2,1.5,10,0.2,22.8,IFCT2017
207,"Musk melon, yellow flesh",Kharbooja,Fruits,28,0.5,0.3,5.4,1.5,9,0.2,21.3,IFCT2017
208,"Orange, pulp",Santra,Fruits,37,0.7,0.1,7.9,1.3,20,0.8,42.7,IFCT2017
209,"Palm fruit, tender",Tar,Fruits,24,0.5,0.1,4.9,2.4,0,0,0.2,IFCT2017
210,"Papaya, ripe",Papita,Fruits,24,0.4,0.2,4.6,2.8,15,0.2,43.1,IFCT2017
211,Peach,Aroo,Fruits,40,0.9,0.4,7.8,2.1,7,0.3,5.5,IFCT2017
212,Pear,Nashpati,Fruits,38,0.4,0.3,8.1,4.5,7,0.3,3.3,IFCT2017
213,Phalsa,Falsa,Fruits,71,1.7,0.1,15.1,4.5,153,2.0,5.1,IFCT2017
214,Pineapple,Ananas,Fruits,43,0.5,0.2,9.4,3.5,11,0.3,36.4,IFCT2017
215,Plum,Alubokhara,Fruits,57,0.6,0.4,12.1,2.1,8,0.2,2.3,IFCT2017
216,"Pomegranate, maroon seeds",Anar,Fruits,55,1.3,0.1,11.6,2.8,11,0.3,12.7,IFCT2017
217,Pummelo,Chakotra,Fruits,50,0.7,0.4,10.6,0.8,14,0.1,48.9,IFCT2017
218,"Raisins, dried, black",Kishmish,Fruits,306,2.6,0.3,71.3,3.9,73,6.8,2.1,IFCT2017
219,"Raisins, dried, golden",Kishmish,Fruits,297,2.8,0.3,68.8,4.6,52,4.3,1.9,IFCT2017
220,Rambutan,Rambutan.,Fruits,73,0.7,0.2,16.8,1.0,9,0.4,65.0,IFCT2017
221,Sapota,Chiku,Fruits,73,0.9,1.3,13.9,9.6,18,0.5,21.0,IFCT2017
222,Soursop,Shul-ram fal,Fruits,62,0.7,0.9,11.9,5.0,10,0.3,59.5,IFCT2017
223,Star fruit,Kazmal/Kamrakh,Fruits,26,0.8,0.4,4.5,2.8,5,0.5,33.6,IFCT2017
224,Strawberry,,Fruits,25,1.0,0.6,3.4,2.5,15,0.4,50.2,IFCT2017
225,"Tamarind, pulp",Imli,Fruits,288,2.9,0.1,67.3,5.3,149,9.2,3.6,IFCT2017
226,"Water melon, dark green (sugar baby)",Tarbuj,Fruits,20,0.6,0.2,3.9,0.7,5,0.2,13.3,IFCT2017
227,"Water melon, pale green",Tarbuj,Fruits,17,0.6,0.2,3.0,0.8,4,0.2,11.4,IFCT2017
228,Wood Apple,Kaith,Fruits,78,3.1,3.6,7.5,5.2,56,0.5,22.2,IFCT2017
229,Zizyphus,Ber,Fruits,49,1.3,0.3,9.4,3.7,47,0.4,60.9,IFCT2017
230,Beet root,Chukandar,Roots and Tubers,36,1.9,0.1,6.2,3.3,17,0.8,5.3,IFCT2017
231,"Carrot, orange",Gajar,Roots and Tubers,33,0.9,0.5,5.5,4.2,35,0.6,6.2,IFCT2017
232,"Carrot, red",Gajar,Roots and Tubers,38,1.0,0.5,6.7,4.5,41,0.7,6.8,IFCT2017
233,Colocasia,Arwi,Roots and Tubers,89,3.3,0.2,17.9,3.2,30,0.7,1.8,IFCT2017
234,Lotus root,"Kamal gatta, Kamal kakdi",Roots and Tubers,79,1.9,0.9,14.7,4.7,38,3.3,26.6,IFCT2017
235,"Potato, brown skin, big",Alu,Roots and Tubers,70,1.5,0.2,14.9,1.7,10,0.6,23.2,IFCT2017
236,"Potato, brown skin, small",Alu,Roots and Tubers,61,1.4,0.2,12.9,1.7,9,0.5,26.4,IFCT2017
237,"Potato, red skin",Alu,Roots and Tubers,73,1.8,0.2,15.4,1.7,9,0.7,25.0,IFCT2017
238,"Radish, elongate, red skin",Muli,Roots and Tubers,32,0.7,0.1,6.7,2.5,28,0.4,17.6,IFCT2017
239,"Radish, elongate, white skin",Muli,Roots and Tubers,32,0.8,0.1,6.6,2.6,30,0.4,19.9,IFCT2017
240,"Radish, round, red skin",Muli,Roots and Tubers,31,0.9,0.2,6.1,2.3,36,0.4,15.7,IFCT2017
241,"Radish, round, white skin",Muli,Roots and Tubers,31,0.8,0.1,6.1,2.4,34,0.4,14.0,IFCT2017
242,"Sweet potato, brown skin",Shakarkand,Roots and Tubers,109,1.3,0.3,24.2,4.0,28,0.3,17.9,IFCT2017
243,"Sweet potato, pink skin",Shakarkand,Roots and Tubers,108,1.3,0.3,23.9,3.9,29,0.5,22.2,IFCT2017
244,Tapioca,Simla alu,Roots and Tubers,80,1.0,0.2,17.8,4.6,26,0.8,15.5,IFCT2017
245,Water Chestnut,", Mar. Shingara",Roots and Tubers,96,0.9,0.4,21.5,3.0,37,0.8,5.3,IFCT2017
246,"Yam, elephant",Zimikandha,Roots and Tubers,84,2.6,0.1,17.5,4.2,47,1.2,15.2,IFCT2017
247,"Yam, ordinary",Sooran,Roots and Tubers,83,2.2,0.2,17.6,4.1,16,0.8,13.9,IFCT2017
248,"Yam, wild",Suaralu,Roots and Tubers,103,3.1,0.3,20.9,4.6,44,1.0,14.1,IFCT2017
249,"Chillies, green-1",Hara Mirchi,Condiments and Spices,46,2.6,0.7,6.3,4.9,24,1.5,79.5,IFCT2017
250,"Chillies, green-2",Hara Mirchi,Condiments and Spices,40,2.3,0.8,5.3,5.1,17,1.2,91.0,IFCT2017
251,"Chillies, green-3",Hara Mirchi,Condiments and Spices,40,2.4,0.8,5.2,5.1,18,1.2,93.6,IFCT2017
252,"Chillies, green-4",Hara Mirchi,Condiments and Spices,45,2.3,0.7,6.6,4.2,16,1.1,102.0,IFCT2017
253,"Chillies, green-5",Hara Mirchi,Condiments and Spices,43,2.0,0.7,6.6,4.0,15,0.9,97.8,IFCT2017
254,"Chillies, green-6",Hara Mirchi,Condiments and Spices,42,3.0,0.6,5.3,5.2,25,0.8,108.0,IFCT2017
255,"Chillies, green-7",Hara Mirchi,Condiments and Spices,39,2.1,0.6,5.6,5.0,17,1.2,112.0,IFCT2017
256,"Chillies, green - all varieties",Hara Mirchi,Condiments and Spices,42,2.4,0.7,5.9,4.8,18,1.2,94.1,IFCT2017
257,Coriander leaves,Hara dhania,Condiments and Spices,31,3.5,0.7,1.9,4.7,146,5.3,23.9,IFCT2017
258,Curry leaves,Gandhela,Condiments and Spices,64,7.4,1.1,4.5,16.8,659,8.7,6.0,IFCT2017
259,"Garlic, big clove",Lehsan,Condiments and Spices,124,6.9,0.2,21.9,5.2,20,1.1,12.6,IFCT2017
260,"Garlic, small clove",Lehsan,Condiments and Spices,123,6.8,0.1,21.8,5.5,18,0.9,13.6,IFCT2017
261,"Garlic, single clove, Kashmir",Lehsan,Condiments and Spices,125,6.1,0.2,23.5,4.0,19,1.0,15.4,IFCT2017
262,"Ginger, fresh",Adrak,Condiments and Spices,55,2.2,0.8,9.0,5.4,19,1.9,5.4,IFCT2017
263,Mango ginger,Aam adhrak,Condiments and Spices,42,1.4,0.7,7.0,4.7,14,2.3,1.6,IFCT2017
264,Mint leaves,Pudina,Condiments and Spices,37,4.7,0.7,2.4,5.9,205,8.6,17.2,IFCT2017
265,"Onion, big",Pyaz,Condiments and Spices,48,1.5,0.2,9.6,2.5,21,0.4,6.7,IFCT2017
266,"Onion, small",Pyaaz Kali,Condiments and Spices,57,1.8,0.2,11.6,1.2,20,0.5,11.0,IFCT2017
267,Asafoetida,Hing,Condiments and Spices,332,6.3,1.3,72.0,5.1,266,15.7,0,IFCT2017
268,"Cardamom, green",Elaychi,Condiments and Spices,255,8.1,2.6,47.8,23.1,378,8.3,0,IFCT2017
269,"Cardamom, black",Badi elaychi,Condiments and Spices,271,6.7,2.8,52.5,23.5,312,7.9,0,IFCT2017
270,"Chillies, red",Mirchi,Condiments and Spices,237,12.7,6.4,29.5,31.1,100,6.2,0,IFCT2017
271,Cloves,Lavang,Condiments and Spices,187,5.9,8.4,18.7,34.5,567,9.4,0,IFCT2017
272,Coriander seeds,Dhania,Condiments and Spices,269,10.7,17.5,13.0,44.8,718,17.6,0,IFCT2017
273,Cumin seeds,Jira,Condiments and Spices,304,13.9,16.6,22.6,30.4,878,20.6,0,IFCT2017
274,Fenugreek seeds,Methi,Condiments and Spices,235,25.4,5.7,10.6,47.5,135,8.5,0,IFCT2017
275,Mace,Avithri,Condiments and Spices,356,6.2,24.4,26.5,20.3,174,22.7,0,IFCT2017
276,Nutmeg,Jaiphal,Condiments and Spices,464,6.3,36.5,27.6,12.0,148,2.3,0,IFCT2017
277,Omum,Ajwan,Condiments and Spices,357,15.9,21.1,24.5,20.6,1034,13.7,0,IFCT2017
278,Pippali,Pipli,Condiments and Spices,217,10.5,2.3,35.7,34.1,414,8.0,0,IFCT2017
279,"Pepper, black",Kalimirchi,Condiments and Spices,217,10.1,2.7,36.2,33.2,405,11.9,0,IFCT2017
280,Poppy seeds,Postdana,Condiments and Spices,423,20.3,30.4,12.4,26.7,1372,10.1,0,IFCT2017
281,Turmeric powder,Haldi,Condiments and Spices,281,7.7,5.0,49.2,21.4,122,46.1,0,IFCT2017
282,Almond,Badam,Nuts and Oil Seeds,609,18.4,58.5,3.0,13.1,228,4.6,0.7,IFCT2017
283,"Arecanut, dried, brown",Supari,Nuts and Oil Seeds,351,5.8,4.3,70.4,11.4,61,2.7,0,IFCT2017
284,"Arecanut, dried, red color",Supari,Nuts and Oil Seeds,353,6.5,4.5,70.3,11.1,51,3.3,0,IFCT2017
285,"Arecanut, fresh",Supari,Nuts and Oil Seeds,245,2.7,5.5,45.0,7.6,34,1.0,0,IFCT2017
286,Cashew nut,Kaju,Nuts and Oil Seeds,583,18.8,45.2,25.5,3.9,34,6.0,0,IFCT2017
287,"Coconut, kernal, dry",Nariyal,Nuts and Oil Seeds,624,7.3,63.3,8.0,15.9,32,3.1,0,IFCT2017
288,"Coconut, kernel, fresh",Nariyal,Nuts and Oil Seeds,409,3.8,41.4,6.3,10.4,8,1.3,0.8,IFCT2017
289,"Garden cress, seeds",Halim,Nuts and Oil Seeds,445,23.4,23.7,33.7,8.3,318,17.2,0,IFCT2017
290,"Gingelly seeds, black",Til,Nuts and Oil Seeds,508,19.2,43.1,10.3,17.2,1664,13.9,0,IFCT2017
291,"Gingelly seeds, brown",Til,Nuts and Oil Seeds,516,21.6,43.2,9.8,17.2,1174,14.9,0,IFCT2017
292,"Gingelly seeds, white",Til,Nuts and Oil Seeds,520,21.7,43.0,10.8,17.0,1283,15.0,0,IFCT2017
293,Ground nut,Moog phali,Nuts and Oil Seeds,520,23.6,39.6,17.3,10.4,54,3.4,0,IFCT2017
294,Mustard seeds,Rai,Nuts and Oil Seeds,510,19.5,40.2,16.8,14.1,402,13.5,0,IFCT2017
295,Linseeds,Alsi,Nuts and Oil Seeds,444,18.6,35.7,11.0,26.2,257,5.4,0,IFCT2017
296,"Niger seeds, black",Kala til,Nuts and Oil Seeds,512,18.9,38.6,23.0,10.9,572,18.2,0,IFCT2017
297,"Niger seeds, gray",Kala til,Nuts and Oil Seeds,509,18.3,39.5,20.6,11.0,375,19.6,0,IFCT2017
298,Pine seed,Chilgoza,Nuts and Oil Seeds,594,12.6,48.8,26.8,3.8,17,4.5,0,IFCT2017
299,Pistachio nuts,Pista,Nuts and Oil Seeds,539,23.4,42.5,15.8,10.6,135,4.5,0,IFCT2017
300,Safflower seeds,Kardi,Nuts and Oil Seeds,473,17.7,30.9,30.2,13.5,211,4.1,0,IFCT2017
301,Sunflower seeds,Surya mukhi,Nuts and Oil Seeds,586,23.5,51.9,6.8,10.8,176,5.9,0,IFCT2017
302,Walnut,Akhrot,Nuts and Oil Seeds,671,14.9,64.3,10.1,5.4,105,3.2,0.9,IFCT2017
303,"Jaggery, cane",Gud,Sugars,354,1.9,0.2,84.9,0,107,4.6,0,IFCT2017
304,"Sugarcane, juice",Ganne-ka-ras,Sugars,58,0.2,0.4,13.1,0.6,18,1.1,6.7,IFCT2017
305,"Button mushroom, fresh",,Mushrooms,27,3.7,0.4,2.0,3.1,18,0.3,0,IFCT2017
306,"Chicken mushroom, fresh",,Mushrooms,21,1.8,0.2,2.8,2.0,5,0.3,0.5,IFCT2017
307,"Shiitake mushroom, fresh",,Mushrooms,58,3.2,0.8,9.0,3.0,5,1.9,0,IFCT2017
308,"Oyster mushroom, dried",,Mushrooms,244,19.0,2.9,33.1,39.1,24,3.6,0,IFCT2017
309,Toddy,Tarai,Miscellaneous Foods,24,0.2,0.0,5.7,0,0,0.4,0.9,IFCT2017
310,Coconut Water,Nariyal ka pani,Miscellaneous Foods,15,0.3,0.2,3.2,0,27,0.1,0.6,IFCT2017
311,"Milk, whole, Buffalo",Bhains ka dhood,Milk and Milk Products,107,3.7,6.6,8.4,0,121,0.2,2.4,IFCT2017
312,"Milk, whole, Cow",Gai ka doodh,Milk and Milk Products,73,3.3,4.5,4.9,0,118,0.1,2.0,IFCT2017
313,Paneer,Chhena,Milk and Milk Products,258,18.9,14.8,12.4,0,476,0.9,0,IFCT2017
314,Khoa,", Kan., Mal., P., Tel. Khoa",Milk and Milk Products,316,16.3,20.6,16.5,0,602,2.3,0,IFCT2017
315,"Egg, poultry, whole, raw",,Egg and Egg Products,135,13.3,9.2,0,0,49,1.8,0,IFCT2017
316,"Egg, poultry, white, raw",,Egg and Egg Products,45,10.8,0.1,0,0,6,0.1,0,IFCT2017
317,"Egg, poultry, yolk, raw",,Egg and Egg Products,297,15.7,26.3,0,0,116,3.2,0,IFCT2017
318,"Egg, poultry, whole, boiled",,Egg and Egg Products,148,13.4,10.5,0,0,55,1.9,0,IFCT2017
319,"Egg, poultry, white, boiled",,Egg and Egg Products,53,12.4,0.3,0,0,8,0.1,0,IFCT2017
320,"Egg, poultry, yolk, boiled",,Egg and Egg Products,308,16.1,27.5,0,0,120,4.9,0,IFCT2017
321,"Egg, poultry, omlet",,Egg and Egg Products,170,16.5,11.6,0,0,53,2.2,0,IFCT2017
322,"Egg, country hen, whole, raw",,Egg and Egg Products,168,13.1,13.0,0,0,50,1.6,0,IFCT2017
323,"Egg, country hen, whole, boiled",,Egg and Egg Products,183,14.4,14.1,0,0,58,1.7,0,IFCT2017
324,"Egg, country hen, omlet",,Egg and Egg Products,204,14.8,16.3,0,0,56,2.1,0,IFCT2017
325,"Egg, duck, whole, boiled",,Egg and Egg Products,176,13.8,13.6,0,0,56,2.6,0,IFCT2017
326,"Egg, duck, whole, raw",,Egg and Egg Products,182,14.6,13.8,0,0,52,2.5,0,IFCT2017
327,"Egg, duck, whole, omlet",,Egg and Egg Products,192,15.1,14.8,0,0,72,3.3,0,IFCT2017
328,"Egg, quial, whole, raw",,Egg and Egg Products,152,12.4,11.5,0,0,61,2.6,0,IFCT2017
329,"Egg, quial, whole, boiled",,Egg and Egg Products,155,13.0,11.5,0,0,61,2.6,0,IFCT2017
330,"Chicken, poultry, leg, skinless",,Poultry,384,19.4,12.6,0,0,21,1.3,0,IFCT2017
331,"Chicken, poultry, thigh, skinless",,Poultry,200,18.2,14.2,0,0,18,1.1,0,IFCT2017
332,"Chicken, poultry, breast, skinless",,Poultry,168,21.8,9.0,0,0,13,0.8,0,IFCT2017
333,"Chicken, poultry, wing, skinless",,Poultry,193,17.4,13.8,0,0,28,1.4,0,IFCT2017
334,"Poultry, chicken, liver",,Poultry,124,21.6,4.1,0,0,4,9.9,0,IFCT2017
335,"Poultry, chicken, gizzard",,Poultry,92,18.2,2.1,0,0,5,3.2,0,IFCT2017
336,"Country hen, leg, with skin",,Poultry,173,17.0,11.7,0,0,23,1.7,0,IFCT2017
337,"Country hen, thigh, with skin",,Poultry,188,18.3,12.8,0,0,20,1.4,0,IFCT2017
338,"Country hen, breast, with skin",,Poultry,180,22.1,10.2,0,0,12,1.1,0,IFCT2017
339,"Country hen, wing, with skin",,Poultry,183,18.6,12.1,0,0,35,1.4,0,IFCT2017
340,"Duck, meat, with skin",,Poultry,131,19.1,6.0,0,0,23,4.3,0,IFCT2017
341,"Emu, meat, skinless",,Poultry,133,22.6,4.6,0,0,7,4.0,0,IFCT2017
342,"Guinea fowl, meat, with skin",,Poultry,112,20.5,3.2,0,0,31,2.2,0,IFCT2017
343,"Pigeon, meat, with skin",,Poultry,126,17.9,6.0,0,0,18,3.8,0,IFCT2017
344,"Quail, meat, skinless",,Poultry,138,20.9,6.0,0,0,21,1.9,0,IFCT2017
345,"Turkey, leg, with skin",,Poultry,155,20.3,8.2,0,0,20,2.0,0,IFCT2017
346,"Turkey, thigh, with skin",,Poultry,139,20.5,6.3,0,0,24,1.6,0,IFCT2017
347,"Turkey, breast, with skin",,Poultry,160,22.0,8.0,0,0,14,1.0,0,IFCT2017
348,"Turkey, wing, with skin",,Poultry,184,21.9,10.8,0,0,33,1.0,0,IFCT2017
349,"Goat, shoulder, meat",,Animal Meat,188,20.3,11.9,0,0,6,1.5,0,IFCT2017
350,"Goat, chops",,Animal Meat,136,20.4,6.0,0,0,7,1.9,0,IFCT2017
351,"Goat, legs",,Animal Meat,160,22.1,7.9,0,0,6,1.8,0,IFCT2017
352,"Goat, brain",,Animal Meat,127,13.8,8.1,0,0,11,1.6,0,IFCT2017
353,"Goat, tongue",,Animal Meat,189,16.6,13.7,0,0,7,2.1,0,IFCT2017
354,"Goat, lungs",,Animal Meat,96,16.9,3.1,0,0,10,7.1,0,IFCT2017
355,"Goat, heart",,Animal Meat,118,19.4,4.4,0,0,6,3.4,0,IFCT2017
356,"Goat, liver",,Animal Meat,126,20.3,4.9,0,0,6,6.6,0,IFCT2017
357,"Goat, tripe",,Animal Meat,92,15.4,3.4,0,0,21,0.8,0,IFCT2017
358,"Goat, spleen",,Animal Meat,96,18.4,2.4,0,0,8,51.4,0,IFCT2017
359,"Goat, kidneys",,Animal Meat,89,15.6,2.9,0,0,12,6.7,0,IFCT2017
360,"Goat, tube (small intestine)",,Animal Meat,125,12.9,8.3,0,0,28,2.2,0,IFCT2017
361,"Goat, testis",,Animal Meat,71,12.3,2.4,0,0,6,1.4,0,IFCT2017
362,"Sheep, shoulder",,Animal Meat,201,18.2,14.3,0,0,5,1.6,0,IFCT2017
363,"Sheep, chops",,Animal Meat,119,18.0,5.2,0,0,8,2.2,0,IFCT2017
364,"Sheep, leg",,Animal Meat,164,21.4,8.7,0,0,7,1.5,0,IFCT2017
365,"Sheep, brain",,Animal Meat,118,13.1,7.3,0,0,10,1.9,0,IFCT2017
366,"Sheep, tongue",,Animal Meat,187,16.6,13.5,0,0,8,2.5,0,IFCT2017
367,"Sheep, lungs",,Animal Meat,87,16.1,2.4,0,0,8,8.6,0,IFCT2017
368,"Sheep, heart",,Animal Meat,106,18.2,3.7,0,0,7,3.1,0,IFCT2017
369,"Sheep, liver",,Animal Meat,134,22.3,4.9,0,0,6,6.2,0,IFCT2017
370,"Sheep, tripe",,Animal Meat,104,16.8,4.0,0,0,15,0.9,0,IFCT2017
371,"Sheep, spleen",,Animal Meat,92,16.0,3.0,0,0,11,53.1,0,IFCT2017
372,"Sheep, kidneys",,Animal Meat,92,16.2,2.9,0,0,14,6.1,0,IFCT2017
373,"Beef, shoulder",,Animal Meat,212,20.6,14.6,0,0,6,2.2,0,IFCT2017
374,"Beef, chops",,Animal Meat,140,19.8,6.7,0,0,5,1.9,0,IFCT2017
375,"Beef, round (leg)",,Animal Meat,157,22.6,7.4,0,0,6,2.3,0,IFCT2017
376,"Beef, brain",,Animal Meat,125,10.6,9.3,0,0,11,2.1,0,IFCT2017
377,"Beef, tongue",,Animal Meat,175,15.6,12.6,0,0,9,2.2,0,IFCT2017
378,"Beef, lungs",,Animal Meat,84,15.7,2.3,0,0,9,6.9,0,IFCT2017
379,"Beef, heart",,Animal Meat,103,17.7,3.6,0,0,6,3.6,0,IFCT2017
380,"Beef, liver",,Animal Meat,119,20.7,4.0,0,0,5,14.8,0,IFCT2017
381,"Beef, tripe",,Animal Meat,76,13.1,2.5,0,0,15,0.8,0,IFCT2017
382,"Beef, spleen",,Animal Meat,90,17.4,2.2,0,0,9,31.7,0,IFCT2017
383,"Beef, kidneys",,Animal Meat,105,17.1,4.0,0,0,15,4.7,0,IFCT2017
384,"Calf, shoulder",,Animal Meat,151,21.0,7.5,0,0,8,1.3,0,IFCT2017
385,"Calf, chops",,Animal Meat,125,22.5,3.9,0,0,9,1.2,0,IFCT2017
386,"Calf, round (leg)",,Animal Meat,147,21.1,6.9,0,0,10,2.4,0,IFCT2017
387,"Calf, brain",,Animal Meat,107,9.8,7.6,0,0,11,1.4,0,IFCT2017
388,"Calf, tongue",,Animal Meat,176,17.8,11.8,0,0,9,2.6,0,IFCT2017
389,"Calf, heart",,Animal Meat,110,18.8,3.8,0,0,6,4.7,0,IFCT2017
390,"Calf, liver",,Animal Meat,120,21.0,4.0,0,0,5,16.3,0,IFCT2017
391,"Calf, spleen",,Animal Meat,91,17.7,2.1,0,0,11,25.4,0,IFCT2017
392,"Calf, kidneys",,Animal Meat,92,15.2,3.5,0,0,13,4.9,0,IFCT2017
393,"Mithun, shoulder",,Animal Meat,176,19.1,11.1,0,0,4,2.1,0,IFCT2017
394,"Mithun, chops",,Animal Meat,128,18.2,6.1,0,0,5,2.2,0,IFCT2017
395,"Mithun, round (leg)",,Animal Meat,116,19.6,4.1,0,0,5,2.2,0,IFCT2017
396,"Pork, shoulder",,Animal Meat,237,17.4,18.8,0,0,10,0.9,0,IFCT2017
397,"Pork, chops",,Animal Meat,179,19.4,11.3,0,0,8,1.0,0,IFCT2017
398,"Pork, ham",,Animal Meat,240,18.8,18.6,0,0,7,1.3,0,IFCT2017
399,"Pork, lungs",,Animal Meat,86,15.1,2.7,0,0,10,6.8,0,IFCT2017
400,"Pork, heart",,Animal Meat,109,16.3,4.9,0,0,5,4.0,0,IFCT2017
401,"Pork, liver",,Animal Meat,116,19.9,3.9,0,0,6,20.7,0,IFCT2017
402,"Pork, stomach",,Animal Meat,131,15.4,7.8,0,0,12,1.9,0,IFCT2017
403,"Pork, spleen",,Animal Meat,85,15.1,2.7,0,0,7,27.2,0,IFCT2017
404,"Pork, kidneys",,Animal Meat,91,14.3,3.6,0,0,7,6.3,0,IFCT2017
405,"Pork, tube (small intestine)",,Animal Meat,140,15.0,9.0,0,0,16,2.8,0,IFCT2017
406,"Hare, shoulder",,Animal Meat,144,21.1,6.6,0,0,58,3.0,0,IFCT2017
407,"Hare, chops",,Animal Meat,106,20.6,2.5,0,0,38,2.8,0,IFCT2017
408,"Hare, leg",,Animal Meat,120,20.5,4.2,0,0,53,2.5,0,IFCT2017
409,"Rabbit, shoulder",,Animal Meat,152,20.0,8.0,0,0,46,1.7,0,IFCT2017
410,"Rabbit, chops",,Animal Meat,135,22.6,4.9,0,0,25,2.4,0,IFCT2017
411,"Rabbit, leg",,Animal Meat,140,21.3,6.0,0,0,22,1.2,0,IFCT2017
412,Allathi,,Marine Fish,97,21.8,1.0,0,0,14,0.6,0,IFCT2017
413,Aluva,,Marine Fish,104,21.6,1.8,0,0,11,0.4,0,IFCT2017
414,Anchovy,,Marine Fish,88,19.9,0.8,0,0,37,0.5,0,IFCT2017
415,Ari fish,,Marine Fish,99,22.0,1.1,0,0,4,0.5,0,IFCT2017
416,Betki,,Marine Fish,68,15.3,0.3,0,0,9,0.3,0,IFCT2017
417,Black snapper,,Marine Fish,90,19.5,1.2,0,0,10,0.6,0,IFCT2017
418,Bombay duck,,Marine Fish,69,13.5,1.0,0,0,159,0.8,0,IFCT2017
419,Bommuralu,,Marine Fish,116,22.3,2.9,0,0,47,0.4,0,IFCT2017
420,Cat fish,,Marine Fish,109,22.2,2.1,0,0,6,0.7,0,IFCT2017
421,Chakla,,Marine Fish,97,20.2,1.7,0,0,7,0.4,0,IFCT2017
422,Chappal,,Marine Fish,76,17.2,0.7,0,0,10,1.3,0,IFCT2017
423,Chelu,,Marine Fish,87,20.0,0.7,0,0,8,0.7,0,IFCT2017
424,Chembali,,Marine Fish,97,20.1,1.8,0,0,24,0.3,0,IFCT2017
425,Eri meen,,Marine Fish,109,22.3,2.0,0,0,12,0.5,0,IFCT2017
426,Gobro,,Marine Fish,87,19.4,0.9,0,0,24,0.4,0,IFCT2017
427,Guitar fish,,Marine Fish,96,22.6,0.4,0,0,17,0.4,0,IFCT2017
428,Hilsa,Hilsa,Marine Fish,259,21.8,18.5,0,0,20,1.2,0,IFCT2017
429,Jallal,,Marine Fish,100,21.6,1.5,0,0,15,0.5,0,IFCT2017
430,Jathi vela meen,,Marine Fish,108,22.4,1.9,0,0,7,0.3,0,IFCT2017
431,Kadal bral,,Marine Fish,88,18.7,1.3,0,0,74,0.3,0,IFCT2017
432,Kadali,,Marine Fish,127,22.1,4.2,0,0,9,0.4,0,IFCT2017
433,Kalamaara,,Marine Fish,125,20.9,4.5,0,0,8,0.5,0,IFCT2017
434,Kalava,,Marine Fish,89,19.4,1.2,0,0,11,0.3,0,IFCT2017
435,Kanamayya,,Marine Fish,88,20.2,0.7,0,0,8,0.4,0,IFCT2017
436,Kannadi paarai,,Marine Fish,101,22.1,1.3,0,0,9,0.3,0,IFCT2017
437,Karimeen,,Marine Fish,92,19.7,1.4,0,0,12,0.6,0,IFCT2017
438,Karnagawala,,Marine Fish,87,19.5,0.8,0,0,60,0.4,0,IFCT2017
439,Kayrai,,Marine Fish,109,20.1,3.0,0,0,6,1.0,0,IFCT2017
440,Kiriyan,,Marine Fish,133,22.5,4.7,0,0,19,1.0,0,IFCT2017
441,Kite fish,,Marine Fish,99,23.1,0.6,0,0,11,1.4,0,IFCT2017
442,Korka,,Marine Fish,126,23.7,3.4,0,0,11,0.7,0,IFCT2017
443,Kulam paarai,,Marine Fish,120,21.6,3.6,0,0,15,0.5,0,IFCT2017
444,Maagaa,,Marine Fish,87,20.1,0.7,0,0,8,0.2,0,IFCT2017
445,Mackerel,,Marine Fish,101,21.5,1.5,0,0,31,1.5,0,IFCT2017
446,Manda clathi,,Marine Fish,95,21.3,1.0,0,0,11,0.4,0,IFCT2017
447,Matha,,Marine Fish,93,21.2,0.8,0,0,14,0.3,0,IFCT2017
448,Milk fish,,Marine Fish,106,23.7,1.1,0,0,29,1.4,0,IFCT2017
449,Moon fish,,Marine Fish,126,20.7,4.7,0,0,29,1.7,0,IFCT2017
450,Mullet,,Marine Fish,94,20.2,1.3,0,0,35,1.3,0,IFCT2017
451,Mural,,Marine Fish,82,19.0,0.6,0,0,9,0.2,0,IFCT2017
452,Myil meen,,Marine Fish,98,22.9,0.6,0,0,7,1.2,0,IFCT2017
453,Nalla bontha,,Marine Fish,87,19.8,0.7,0,0,9,0.3,0,IFCT2017
454,Narba,,Marine Fish,103,21.9,1.6,0,0,7,1.1,0,IFCT2017
455,Paarai,,Marine Fish,104,21.6,1.8,0,0,14,0.7,0,IFCT2017
456,Padayappa,,Marine Fish,86,19.7,0.7,0,0,10,0.3,0,IFCT2017
457,Pali kora,,Marine Fish,94,19.2,1.8,0,0,17,0.4,0,IFCT2017
458,Pambada,,Marine Fish,128,21.9,4.4,0,0,17,0.4,0,IFCT2017
459,Pandukopa,,Marine Fish,86,19.7,0.7,0,0,12,0.5,0,IFCT2017
460,Parava,,Marine Fish,112,21.5,2.7,0,0,29,3.6,0,IFCT2017
461,Parcus,,Marine Fish,86,19.9,0.6,0,0,21,0.3,0,IFCT2017
462,Parrot fish,,Marine Fish,90,20.8,0.6,0,0,9,0.4,0,IFCT2017
463,Perinkilichai,,Marine Fish,92,20.9,0.9,0,0,7,0.3,0,IFCT2017
464,Phopat,,Marine Fish,101,22.1,1.3,0,0,9,0.5,0,IFCT2017
465,Piranha,,Marine Fish,131,20.5,5.4,0,0,15,0.5,0,IFCT2017
466,"Pomfret, black",,Marine Fish,123,18.9,4.8,0,0,18,0.8,0,IFCT2017
467,"Pomfret, snub nose",,Marine Fish,90,21.1,0.5,0,0,7,0.4,0,IFCT2017
468,"Pomfret, white",,Marine Fish,123,19.0,5.1,0,0,14,0.3,0,IFCT2017
469,Pranel,,Marine Fish,97,19.7,1.9,0,0,22,0.4,0,IFCT2017
470,Pulli paarai,,Marine Fish,95,20.1,1.6,0,0,22,0.3,0,IFCT2017
471,Queen fish,,Marine Fish,96,21.0,1.2,0,0,6,0.5,0,IFCT2017
472,Raai fish,,Marine Fish,103,21.6,1.7,0,0,11,0.5,0,IFCT2017
473,Raai vanthu,,Marine Fish,98,19.4,2.2,0,0,9,0.4,0,IFCT2017
474,Rani,,Marine Fish,90,18.8,1.5,0,0,38,0.9,0,IFCT2017
475,"Ray fish, bow head, spotted",,Marine Fish,83,19.0,0.7,0,0,10,0.2,0,IFCT2017
476,Red snapper,,Marine Fish,104,22.8,1.3,0,0,8,0.4,0,IFCT2017
477,"Red snapper, small",,Marine Fish,108,21.5,2.3,0,0,17,0.6,0,IFCT2017
478,Sadaya,,Marine Fish,110,20.7,3.0,0,0,9,0.5,0,IFCT2017
479,Salmon,,Marine Fish,172,21.0,9.9,0,0,24,1.0,0,IFCT2017
480,Sangada,,Marine Fish,106,20.3,2.7,0,0,8,1.0,0,IFCT2017
481,Sankata paarai,,Marine Fish,104,21.9,1.7,0,0,6,1.0,0,IFCT2017
482,Sardine,,Marine Fish,152,17.9,9.0,0,0,42,0.8,0,IFCT2017
483,Shark,,Marine Fish,95,21.6,0.8,0,0,8,0.4,0,IFCT2017
484,"Shark, hammer head",,Marine Fish,103,23.4,0.8,0,0,8,0.9,0,IFCT2017
485,"Shark, spotted",,Marine Fish,92,20.9,0.8,0,0,8,0.5,0,IFCT2017
486,Shelavu,,Marine Fish,107,22.5,1.7,0,0,11,0.5,0,IFCT2017
487,Silan,,Marine Fish,151,22.7,6.7,0,0,29,0.6,0,IFCT2017
488,Silk fish,,Marine Fish,98,20.6,1.5,0,0,10,0.3,0,IFCT2017
489,Silver carp,,Marine Fish,133,21.7,5.2,0,0,86,0.6,0,IFCT2017
490,Sole fish,,Marine Fish,88,19.1,1.2,0,0,47,0.3,0,IFCT2017
491,Stingray,,Marine Fish,98,24.0,0.7,0,0,9,0.7,0,IFCT2017
492,Tarlava,,Marine Fish,99,21.7,1.2,0,0,12,0.5,0,IFCT2017
493,Tholam,,Marine Fish,103,20.8,2.1,0,0,11,0.6,0,IFCT2017
494,Tilapia,,Marine Fish,83,18.5,1.1,0,0,99,2.8,0,IFCT2017
495,Tuna,,Marine Fish,112,24.5,1.4,0,0,10,1.6,0,IFCT2017
496,"Tuna, striped",,Marine Fish,96,21.3,1.1,0,0,6,1.4,0,IFCT2017
497,Valava,,Marine Fish,98,21.8,1.1,0,0,37,0.2,0,IFCT2017
498,Vanjaram,,Marine Fish,136,22.3,5.2,0,0,10,0.4,0,IFCT2017
499,Vela meen,,Marine Fish,128,22.2,4.3,0,0,15,0.6,0,IFCT2017
500,Vora,,Marine Fish,101,20.1,2.1,0,0,8,0.3,0,IFCT2017
501,Whale shark,,Marine Fish,96,21.8,0.8,0,0,8,0.3,0,IFCT2017
502,Xiphinis,,Marine Fish,88,19.8,0.9,0,0,12,0.5,0,IFCT2017
503,"Eggs, Cat fish",,Marine Fish,143,24.7,5.3,0,0,62,6.6,0,IFCT2017
504,Crab,,Marine Shellfish,82,10.2,1.4,0,0,128,1.1,0,IFCT2017
505,"Crab, sea",,Marine Shellfish,68,15.4,0.6,0,0,333,1.0,0,IFCT2017
506,"Lobster, brown",,Marine Shellfish,70,16.0,0.6,0,0,73,0.8,0,IFCT2017
507,"Lobster, king size",,Marine Shellfish,90,18.5,0.8,0,0,66,0.3,0,IFCT2017
508,Mud crab,,Marine Shellfish,45,10.0,0.6,0,0,201,0.9,0,IFCT2017
509,Oyster,,Marine Shellfish,60,9.5,2.4,0,0,126,0.9,0,IFCT2017
510,"Tiger prawns, brown",,Marine Shellfish,65,14.8,0.6,0,0,38,0.7,0,IFCT2017
511,"Tiger Prawns, orange",,Marine Shellfish,65,14.2,0.7,0,0,72,0.4,0,IFCT2017
512,"Clam, green shell",,Marine Mollusks,58,12.1,1.0,0,0,121,1.0,0,IFCT2017
513,"Clam, white shell, ribbed",,Marine Mollusks,60,11.8,1.3,0,0,50,0.9,0,IFCT2017
514,Octopus,,Marine Mollusks,80,14.7,1.1,0,0,22,1.1,0,IFCT2017
515,"Squid, black",,Marine Mollusks,80,16.1,1.1,0,0,23,0.5,0,IFCT2017
516,"Squid, hard shell",,Marine Mollusks,76,16.8,0.9,0,0,9,0.6,0,IFCT2017
517,"Squid, red",,Marine Mollusks,79,16.2,1.4,0,0,14,0.3,0,IFCT2017
518,"Squid, white, small",,Marine Mollusks,84,17.4,1.1,0,0,36,0.4,0,IFCT2017
519,Cat fish,,Fresh Water Fish and Shellfish,124,15.9,6.2,0,0,22,0.8,0,IFCT2017
520,Catla,"Catla, Bhakur, Boassa, Katla, Chepti",Fresh Water Fish and Shellfish,94,17.9,2.1,0,0,44,1.1,0,IFCT2017
521,Freshwater Eel,,Fresh Water Fish and Shellfish,108,20.4,2.6,0,0,53,1.5,0,IFCT2017
522,Gold fish,,Fresh Water Fish and Shellfish,95,16.9,2.9,0,0,48,0.8,0,IFCT2017
523,Pangas,,Fresh Water Fish and Shellfish,204,17.1,16.8,0,0,11,0.7,0,IFCT2017
524,Rohu,"Bhobhari, Rohu",Fresh Water Fish and Shellfish,102,19.7,2.4,0,0,39,1.0,0,IFCT2017
525,Crab,,Fresh Water Fish and Shellfish,78,13.2,0.9,0,0,199,1.1,0,IFCT2017
526,"Prawns, big",,Fresh Water Fish and Shellfish,91,19.2,0.5,0,0,49,0.8,0,IFCT2017
527,"Prawns, small",,Fresh Water Fish and Shellfish,71,13.1,0.8,0,0,68,0.9,0,IFCT2017
528,Tiger prawns,,Fresh Water Fish and Shellfish,68,14.2,0.7,0,0,58,0.8,0,IFCT2017
529,Italian Millet (Kangni),कंगनी,Cereals and Millets,331,12.3,4.3,60.9,8.0,31,2.8,0,Gopalan2004
530,Rice Parboiled Hand-pounded,उसना चावल,Cereals and Millets,349,8.5,0.6,77.4,0.6,9,2.8,0,Gopalan2004
531,Rice Raw Hand-pounded,कच्चा चावल (हाथ कूटा),Cereals and Millets,346,7.5,1.0,76.7,0.6,10,3.2,0,Gopalan2004
532,Rice Bran,चावल की भूसी,Cereals and Millets,393,13.5,16.2,48.4,4.3,60,35.0,0,Gopalan2004
533,Sanwa Millet (Barnyard),सांवा,Cereals and Millets,307,6.2,2.2,65.5,9.8,20,5.0,0,Gopalan2004
534,Oats,जई,Cereals and Millets,374,13.6,7.6,62.8,3.7,50,4.8,0,Gopalan2004
535,Cow Pea (Lobia),लोबिया,Grain Legumes,323,24.1,1.0,54.5,3.8,77,8.6,0,Gopalan2004
536,Khesari Dal,खेसारी दाल,Grain Legumes,345,28.2,0.6,56.6,2.3,90,6.3,0,Gopalan2004
537,Soybean,सोयाबीन,Grain Legumes,432,43.2,19.5,20.9,3.7,240,10.4,0,Gopalan2004
538,Ambat Chuka,अमबात चुका,Green Leafy Vegetables,38,2.1,0.7,5.8,1.5,159,22.7,0,Gopalan2004
539,Bottle Gourd Leaves,लौकी पत्ते,Green Leafy Vegetables,35,2.5,0.5,5.3,2.1,65,6.6,0,Gopalan2004
540,Broad Bean Leaves,सेम पत्ते,Green Leafy Vegetables,59,4.5,0.7,9.2,2.0,55,2.3,0,Gopalan2004
541,Celery Leaves,अजवाइन पत्ते,Green Leafy Vegetables,37,6.3,0.6,1.6,0.8,230,10.9,0,Gopalan2004
542,Turnip Greens,शलगम पत्ते,Green Leafy Vegetables,67,4.0,0.3,13.0,1.6,710,28.4,0,Gopalan2004
543,Arrow Root Flour,अरारोट,Roots and Tubers,334,0.2,0.1,83.1,0,10,1.5,0,Gopalan2004
544,Khamalu,खमालू,Roots and Tubers,79,2.3,0.1,17.1,1.0,28,0.6,0,Gopalan2004
545,Parsnip,शलगम जड़,Roots and Tubers,76,1.2,0.5,16.9,2.1,73,1.6,0,Gopalan2004
546,Radish Pink,गुलाबी मूली,Roots and Tubers,35,1.9,0.3,5.8,1.0,50,0.4,0,Gopalan2004
547,Beans Scarlet Runner,सेम,Other Vegetables,158,7.4,1.0,29.8,1.9,50,2.6,0,Gopalan2004
548,Double Beans,डबल बीन्स,Other Vegetables,85,8.3,0.3,12.3,1.7,40,1.6,0,Gopalan2004
549,Leeks,लीक,Other Vegetables,77,2.0,0.2,17.2,2.3,50,11.2,0,Gopalan2004
550,Lotus Stem Dry,कमल ककड़ी,Other Vegetables,258,2.7,0.3,61.4,1.0,75,1.0,0,Gopalan2004
551,Pumpkin Flowers,कद्दू फूल,Other Vegetables,39,2.2,0.8,4.1,0.7,120,1.3,0,Gopalan2004
552,Sword Beans,तलवार सेम,Other Vegetables,44,2.7,0.2,8.3,1.8,60,2.0,0,Gopalan2004
553,Vegetable Marrow,वेज मैरो,Other Vegetables,21,0.5,0.1,4.3,0.8,10,0.6,0,Gopalan2004
554,Cashewnut (Kaju),काजू,Nuts and Oil Seeds,596,21.2,46.9,22.3,1.3,50,5.81,0,Gopalan2004
555,Chilgoza,चिलगोजा,Nuts and Oil Seeds,615,13.9,50.7,29.0,1.0,91,3.6,0,Gopalan2004
556,Coconut Milk,नारियल दूध,Nuts and Oil Seeds,430,3.4,41.0,11.9,0,15,1.6,0,Gopalan2004
557,Groundnut (Mungfali),मूंगफली,Nuts and Oil Seeds,567,25.3,40.1,26.1,3.1,90,2.5,0,Gopalan2004
558,Watermelon Seeds,तरबूज बीज,Nuts and Oil Seeds,490,34.1,28.6,15.3,0,68,9.6,0,Gopalan2004
559,Amla (Indian Gooseberry),आंवला,Fruits,58,0.5,0.1,13.7,3.4,50,1.2,0,Gopalan2004
560,Bread Fruit,ब्रेडफ्रूट,Fruits,104,1.4,0.4,23.5,1.3,17,0.6,0,Gopalan2004
561,Cashew Fruit,काजू फल,Fruits,48,0.7,0.5,10.5,0.5,10,0.2,0,Gopalan2004
562,Grapes Blue,अंगूर (काले),Fruits,58,0.6,0.4,13.1,2.8,20,0.5,0,Gopalan2004
563,Grapes Pale Green,अंगूर (हरे),Fruits,71,0.5,0.5,16.5,2.9,20,0.2,0,Gopalan2004
564,Grapefruit,चकोतरा,Fruits,45,1.0,0.1,10.0,0.4,30,0.2,0,Gopalan2004
565,Jackfruit Ripe (Kathal),कटहल,Fruits,88,1.9,0.1,19.8,1.1,20,0.56,0,Gopalan2004
566,Jamun (Java Plum),जामुन,Fruits,62,0.7,0.3,14.0,0.9,15,0.43,0,Gopalan2004
567,Lichi (Litchi),लीची,Fruits,61,1.1,0.2,13.6,0.5,10,0.7,0,Gopalan2004
568,Loquat,लोकाट,Fruits,43,0.6,0.3,9.6,0.8,30,1.5,0,Gopalan2004
569,Melon Musk (Kharbuja),खरबूजा,Fruits,15,0.3,0.2,3.0,0.4,32,1.4,0,Gopalan2004
570,Melon Water (Tarbuj),तरबूज,Fruits,16,0.2,0.2,3.5,0.2,11,7.9,0,Gopalan2004
571,Passion Fruit,पैशन फ्रूट,Fruits,64,2.5,0.7,11.0,3.5,12,1.6,0,Gopalan2004
572,Persimmon,तेंदू,Fruits,79,0.6,0.1,18.6,0.6,8,0.4,0,Gopalan2004
573,Catfish (Magur),मांगुर,Marine Fish,86,15.0,1.0,4.2,0,210,0.7,0,Gopalan2004
574,Herring Indian,हेरिंग,Marine Fish,104,20.3,2.6,0,0,437,9.3,0,Gopalan2004
575,Jew Fish (Kora),कोरा मछली,Marine Fish,83,18.8,0.8,0.2,0,286,4.4,0,Gopalan2004
576,Katla,कतला,Marine Fish,111,19.5,2.4,2.9,0,530,0.9,0,Gopalan2004
577,Mrigal (Rohu Family),मृगल,Marine Fish,98,19.5,0.8,2.5,0,350,1.1,0,Gopalan2004
578,Seer Fish (Surmai),सुरमई,Marine Fish,126,22.8,3.6,0,0,71,2.2,0,Gopalan2004
579,Shrimp Dried,सूखा झींगा,Marine Fish,349,66.6,4.0,1.9,0,4384,5.4,0,Gopalan2004
580,Silver Belly,सिल्वर बेली,Marine Fish,91,19.5,0.8,0,0,350,1.8,0,Gopalan2004
581,White Bait,व्हाइट बेट,Marine Fish,81,15.4,1.7,0.4,0,200,1.0,0,Gopalan2004
582,Beef Muscle,गोमांस,Animal Meat,114,22.6,2.6,0,0,10,2.5,0,Gopalan2004
583,Buffalo Meat,भैंस का मांस,Animal Meat,86,18.7,0.9,0,0,7,0.5,0,Gopalan2004
584,Egg Hen,अंडा,Animal Meat,173,13.3,13.3,0,0,60,2.1,0,Gopalan2004
585,Goat Meat (Mutton),बकरे का मांस,Animal Meat,118,21.4,3.6,0,0,12,2.45,0,Gopalan2004
586,Liver Goat,बकरे का कलेजा,Animal Meat,107,18.5,3.5,0.5,0,14,6.3,0,Gopalan2004
587,Liver Sheep,भेड़ का कलेजा,Animal Meat,150,19.3,7.5,1.3,0,8,10.3,0,Gopalan2004
588,Mutton Muscle,मटन,Animal Meat,194,18.5,13.3,0,0,150,2.5,0,Gopalan2004
589,Pork Muscle,सूअर का मांस,Animal Meat,114,18.7,4.4,0,0,30,2.2,0,Gopalan2004
590,Venison (Deer),हिरण का मांस,Animal Meat,97,21.4,1.3,0,0,6,4.5,0,Gopalan2004
591,Milk Goat,बकरी का दूध,Milk and Milk Products,72,3.3,4.5,4.6,0,170,0.3,0,Gopalan2004
592,Curd (Dahi),दही,Milk and Milk Products,60,3.1,4.0,3.0,0,149,0.2,0,Gopalan2004
593,Buttermilk (Chaas),छाछ,Milk and Milk Products,15,0.8,1.1,0.5,0,30,0.1,0,Gopalan2004
594,Cheese,पनीर,Milk and Milk Products,348,24.1,25.1,6.3,0,790,2.1,0,Gopalan2004
595,Channa Cow Milk (Paneer),पनीर,Milk and Milk Products,265,18.3,20.8,1.2,0,208,0.2,0,Gopalan2004
596,Skimmed Milk Powder,स्किम्ड मिल्क पाउडर,Milk and Milk Products,357,38.0,0.1,51.0,0,1370,1.4,0,Gopalan2004
597,Ghee Cow,गाय का घी,Milk and Milk Products,900,0,100,0,0,0,0,0,Gopalan2004
598,Ghee Buffalo,भैंस का घी,Milk and Milk Products,900,0,100,0,0,0,0,0,Gopalan2004
599,Sugar Cane,गन्ना,Sugars,398,0.4,0,99.4,0,12,0.15,0,Gopalan2004
600,Honey (Shahad),शहद,Sugars,319,0.3,0,79.5,0,5,0.7,0,Gopalan2004
601,Jaggery Date Palm,खजूर गुड़,Sugars,353,1.5,0.3,86.1,0,363,2.5,0,Gopalan2004
602,Jaggery Coconut Palm,नारियल गुड़,Sugars,340,1.0,0.2,83.5,0,1638,1.8,0,Gopalan2004
603,Sago (Sabudana),साबूदाना,Sugars,351,0.2,0.2,87.1,0,10,1.3,0,Gopalan2004
604,Coconut Oil,नारियल तेल,Edible Oils and Fats,900,0,100,0,0,0,0,0,Gopalan2004
605,Gingelly Oil (Sesame),तिल तेल,Edible Oils and Fats,900,0,100,0,0,0,0,0,Gopalan2004
606,Mustard Oil,सरसों तेल,Edible Oils and Fats,900,0,100,0,0,0,0,0,Gopalan2004
607,Sunflower Oil,सूरजमुखी तेल,Edible Oils and Fats,900,0,100,0,0,0,0,0,Gopalan2004
608,"KHESARI, dhal",,Grain Legumes,345,28.2,0.6,56.6,23.0,90,6.3,0,Gopalan2004
609,SOYABEAN,,Grain Legumes,432,43.2,19.5,20.9,3.7,240,10.4,0,Gopalan2004
610,AMARANTH viridis,,Green Leafy Vegetables,38,5.2,3.0,3.8,0,633,18.7,0,Gopalan2004
611,CHEKKUR MANIS,,Green Leafy Vegetables,103,68.0,3.2,11.6,0,570,28.0,0,Gopalan2004
612,FETID CASSIA (fresh),,Green Leafy Vegetables,49,50.0,8.0,55.0,21.0,520,12.4,0,Gopalan2004
613,IPOMOEA LEAVES,,Green Leafy Vegetables,28,29.0,4.0,3.0,0,4110,3.9,0,Gopalan2004
614,PUMPKIN fruit,,Other Vegetables,25,1.4,0.1,46.0,0.7,10,0.4,0,Gopalan2004
615,COCONUT meal,,Nuts and Oil Seeds,312,23.8,28.0,47.9,0,112,69.4,0,Gopalan2004
616,LINSEED SEEDS,,Nuts and Oil Seeds,530,20.3,37.1,28.9,48.0,170,2.7,0,Gopalan2004
617,ARISITHIPPILI,,Condiments and Spices,329,13.2,47.0,58.4,5.2,460,13.5,0,Gopalan2004
618,TOMATILLO,,Fruits,31,0.7,6.0,5.8,0.6,7,1.4,0,Gopalan2004
619,BHEKTI dried G,,Marine Fish,26,60.0,2.0,18.0,15.9,939,5.0,0,Gopalan2004
620,BEEF meal,,Animal Meat,410,79.2,10.3,0.2,0.5,68,18.8,0,Gopalan2004
